Rk,Player,Pos,MP,FG,FGA,FG%,3P,3PA,3P%,2P,2PA,2P%,eFG%,FT,FTA,FT%,ORB,DRB,TRB,AST,STL,BLK,TOV,PF,PTS
1,Bradley Beal\bealbr01,SG,35.4,10.9,22.7,0.48,2.2,6.5,0.331,8.7,16.2,0.54,0.528,7,7.8,0.898,1.2,3.6,4.8,4.8,1.1,0.3,3.3,2.4,31
2,Stephen Curry\curryst01,PG,33.9,10.1,20.6,0.489,5,11.8,0.422,5.1,8.8,0.58,0.61,5.5,6,0.927,0.5,5,5.5,5.9,1.3,0.1,3.2,1.8,30.7
3,Damian Lillard\lillada01,PG,35.9,8.8,20.1,0.44,4.1,10.8,0.379,4.8,9.3,0.51,0.541,6.9,7.5,0.925,0.5,3.7,4.2,7.7,0.9,0.3,3.2,1.6,28.7
4,Giannis Antetokounmpo\antetgi01,PF,33.8,10.3,18.3,0.565,1.1,3.7,0.304,9.2,14.6,0.631,0.596,6.7,9.8,0.684,1.7,9.5,11.2,6.1,1.2,1.3,3.7,2.8,28.5
5,Luka Don?i?\doncilu01,PG,35.1,10.1,20.8,0.485,3,8.2,0.361,7.1,12.6,0.566,0.556,5.3,7.2,0.733,0.8,7.2,7.9,8.8,1,0.6,4.3,2.2,28.4
6,Kyrie Irving\irvinky01,PG,35.1,10.6,20.5,0.515,2.7,6.9,0.395,7.8,13.6,0.576,0.582,3.7,4,0.913,1.1,3.7,4.8,6.1,1.3,0.6,2.3,2.7,27.5
7,Zach LaVine\lavinza01,SG,35.2,9.8,19.4,0.506,3.4,8.2,0.416,6.4,11.2,0.572,0.594,4.4,5.2,0.848,0.6,4.5,5.1,5.1,0.8,0.5,3.6,2.3,27.5
8,Zion Williamson\willizi01,PF,32.9,10.3,16.7,0.615,0.2,0.5,0.333,10.1,16.1,0.625,0.621,6,8.6,0.699,2.5,4.6,7.1,3.6,0.9,0.7,2.6,2.3,26.7
9,Donovan Mitchell\mitchdo01,PG,33.4,9,20.6,0.438,3.4,8.7,0.386,5.7,11.9,0.476,0.52,5,6,0.845,0.9,3.5,4.4,5.2,1,0.3,2.8,2.2,26.4
10,Nikola Joki?\jokicni01,C,35.2,10.2,18.1,0.567,1.4,3.3,0.422,8.8,14.8,0.599,0.605,4.2,4.9,0.855,2.9,8.1,11,8.8,1.5,0.6,3.1,2.7,26.1
11,Kawhi Leonard\leonaka01,SF,34.6,9.4,18.3,0.515,2,5,0.395,7.5,13.4,0.56,0.568,5.1,5.8,0.878,1.2,5.4,6.6,5,1.7,0.4,2,1.7,26
12,Devin Booker\bookede01,SG,33.7,9.4,19.2,0.488,2.1,5.9,0.35,7.3,13.3,0.55,0.542,4.8,5.6,0.864,0.4,3.8,4.2,4.5,0.8,0.3,3.3,2.8,25.7
13,Jayson Tatum\tatumja01,SF,35.5,9.3,20.3,0.458,2.9,7.5,0.384,6.4,12.8,0.501,0.529,4.1,4.7,0.873,0.7,6.4,7.1,4.2,1.2,0.4,2.5,1.8,25.6
14,LeBron James\jamesle01,PG,33.9,9.5,18.4,0.513,2.4,6.5,0.368,7.1,12,0.592,0.578,4.1,5.8,0.703,0.6,7.3,7.9,7.9,1,0.6,3.7,1.6,25.4
15,De'Aaron Fox\foxde01,PG,35.1,9.2,19.1,0.479,1.8,5.6,0.325,7.3,13.5,0.543,0.527,5.1,7.1,0.71,0.6,2.9,3.5,7.1,1.5,0.5,3.1,2.9,25.2
16,James Harden\hardeja01,PG-SG,37.1,8,17.2,0.463,2.8,7.8,0.358,5.2,9.4,0.549,0.544,6.5,7.5,0.87,0.8,7.2,8,10.9,1.2,0.7,4.1,2.3,25.2
17,Trae Young\youngtr01,PG,34.3,7.7,17.8,0.431,2.3,6.4,0.358,5.4,11.4,0.472,0.495,7.6,8.7,0.87,0.6,3.3,3.9,9.5,0.8,0.2,4.3,1.9,25.2
18,Jaylen Brown\brownja02,SG,34.1,9.3,18.8,0.493,2.7,6.8,0.4,6.6,12,0.546,0.566,3.3,4.3,0.754,1.2,4.6,5.8,3.4,1.2,0.6,2.7,2.9,24.6
19,Brandon Ingram\ingrabr01,SF,34.6,8.5,18.2,0.469,2.4,6.3,0.384,6.1,11.9,0.514,0.535,4.7,5.3,0.886,0.6,4.4,5,4.8,0.7,0.7,2.5,2,24.3
20,Collin Sexton\sextoco01,SG,35.8,8.8,18.4,0.481,1.6,4.4,0.363,7.3,14,0.518,0.524,5,6.1,0.817,0.8,2,2.8,4.1,1.1,0.1,2.6,2.7,24.2
21,Nikola Vu?evi?\vucevni01,C,33.6,9.7,20.1,0.484,2.6,6.3,0.415,7.1,13.8,0.515,0.548,2.1,2.5,0.833,2,9.4,11.4,3.7,1,0.7,1.7,1.9,24.1
22,Paul George\georgpa01,SF,33.7,8.4,17.5,0.479,3.3,7.5,0.437,5.1,10,0.51,0.572,3.6,4,0.891,0.9,5.4,6.3,5.5,1.2,0.5,3.2,2.4,23.6
23,Julius Randle\randlju01,PF,37.2,8.4,18.1,0.463,2.1,5.1,0.41,6.3,13,0.484,0.521,4.7,5.9,0.799,1.3,9.3,10.6,6,0.9,0.3,3.5,3.2,23.6
24,Jerami Grant\grantje01,SF,34.4,7.5,17.4,0.43,2.2,6.2,0.357,5.3,11.2,0.471,0.494,5.4,6.3,0.858,0.7,4.1,4.8,2.9,0.7,1.1,2,2.3,22.6
25,Russell Westbrook\westbru01,PG,35.5,8.4,19,0.442,1.3,4.2,0.312,7.1,14.8,0.479,0.476,4,6.4,0.627,1.6,9.3,10.9,10.8,1.3,0.4,5,2.7,22.1
26,Jimmy Butler\butleji01,SF,33.7,7.1,14.4,0.495,0.5,2,0.232,6.7,12.4,0.537,0.511,6.7,7.9,0.852,1.9,5.3,7.2,7.2,2.1,0.4,2.1,1.4,21.4
27,Malcolm Brogdon\brogdma01,PG,35.1,8,17.6,0.456,2.7,6.7,0.398,5.3,10.9,0.492,0.532,2.5,3,0.855,1.1,3.9,5,5.9,1,0.2,2,2,21.2
28,DeMar DeRozan\derozde01,PF,34,7.4,14.9,0.495,0.4,1.4,0.281,7,13.5,0.517,0.508,6.1,6.9,0.88,0.7,3.6,4.3,7.2,0.9,0.3,1.9,2,21.2
29,Jamal Murray\murraja01,PG,35.5,7.9,16.5,0.477,2.7,6.6,0.408,5.2,9.9,0.523,0.559,2.8,3.2,0.869,0.8,3.3,4,4.8,1.3,0.3,2.3,2,21.2
30,Pascal Siakam\siakapa01,PF,35.6,7.5,16.5,0.453,1.2,4.2,0.282,6.3,12.3,0.512,0.489,4.7,5.5,0.839,1.7,5.5,7.2,4.7,1.1,0.7,2.2,3.3,20.8
31,Tobias Harris\harrito02,PF,33.3,7.9,15.2,0.521,1.4,3.5,0.407,6.5,11.7,0.555,0.568,3.2,3.6,0.886,1,6.2,7.2,3.6,0.9,0.9,1.9,2,20.5
32,Terry Rozier\roziete01,SG,33.9,7.4,15.8,0.465,3.3,8.2,0.4,4.1,7.6,0.535,0.569,2.4,2.9,0.828,0.6,3.6,4.2,3.7,1.3,0.4,1.9,1.8,20.4
33,Khris Middleton\middlkh01,SF,33.3,7.5,15.6,0.481,2.2,5.1,0.431,5.3,10.5,0.504,0.551,3,3.4,0.89,0.8,5.3,6.1,5.5,1.1,0.2,2.8,2.4,20.2
34,Domantas Sabonis\sabondo01,PF,35.8,7.5,14.4,0.519,0.8,2.6,0.296,6.7,11.8,0.567,0.545,4.2,5.7,0.731,2.6,9,11.6,6,1.1,0.6,3.3,3.4,19.9
35,Gordon Hayward\haywago01,SF,34,7.1,15,0.473,1.9,4.7,0.415,5.1,10.3,0.499,0.537,3.5,4.2,0.843,0.8,5,5.9,4.1,1.2,0.3,2.1,1.7,19.6
36,Fred VanVleet\vanvlfr01,SG,36.1,6.4,16.4,0.391,3.3,8.9,0.366,3.1,7.4,0.422,0.491,3.4,3.9,0.885,0.6,3.5,4.2,6.1,1.7,0.8,2,2.4,19.5
37,Norman Powell\powelno01,SG-SF,31,6.5,13.3,0.489,2.7,6.2,0.429,3.8,7.1,0.541,0.589,3.4,4,0.858,0.6,2.5,3.1,1.8,1.2,0.3,1.8,2.3,19.1
38,Bam Adebayo\adebaba01,C,33.5,7.2,12.7,0.566,0,0.2,0.25,7.1,12.5,0.57,0.568,4.6,5.7,0.806,2.3,6.9,9.2,5.2,1,1.1,2.7,2.3,19
39,Ja Morant\moranja01,PG,31.9,6.7,15.1,0.447,0.9,3.5,0.27,5.8,11.6,0.5,0.478,4.4,5.9,0.739,0.9,2.6,3.5,7.3,0.8,0.2,3.1,1.4,18.8
40,John Collins\collijo01,PF,30.3,7.1,13,0.545,1.3,3.4,0.38,5.8,9.6,0.603,0.594,2.7,3.3,0.838,2.1,5.7,7.8,1.4,0.5,1,1.2,3.2,18.2
41,Andrew Wiggins\wiggian01,PF,32.6,6.9,14.4,0.475,2,5.2,0.387,4.8,9.2,0.525,0.545,2.4,3.4,0.695,1,3.8,4.8,2.4,0.9,0.9,1.8,2.2,18.1
42,Anthony Edwards\edwaran01,SG,31.3,6.6,16.5,0.398,2.2,6.9,0.316,4.4,9.7,0.456,0.463,2.7,3.4,0.786,0.8,3.5,4.4,2.7,1.1,0.4,2.1,1.6,18
43,Michael Porter Jr.\portemi01,SF,30.6,6.8,12.6,0.538,2.4,5.7,0.427,4.3,6.9,0.629,0.634,1.7,2.2,0.768,1.8,6,7.7,1,0.6,0.9,1.1,2,17.6
44,RJ Barrett\barrerj01,SG,34.1,6.5,14.5,0.448,1.4,3.7,0.381,5.1,10.8,0.471,0.496,2.9,4,0.734,1.1,4.7,5.7,3,0.8,0.3,1.9,2.6,17.3
45,Jordan Clarkson\clarkjo01,SG,25.4,6.3,14.8,0.422,3,8.6,0.347,3.3,6.2,0.525,0.523,1.7,1.8,0.946,0.8,3.2,3.9,2.2,0.9,0.2,1.7,1.5,17.2
46,Jrue Holiday\holidjr01,PG,31.6,6.8,13.5,0.506,1.9,4.7,0.401,5,8.8,0.562,0.576,1.6,2,0.824,1.3,3.3,4.5,5.4,1.7,0.5,2.1,1.7,17.2
47,Darius Garland\garlada01,PG,33.4,6.5,14.6,0.447,1.9,4.7,0.399,4.6,9.9,0.47,0.511,2,2.4,0.849,0.5,2,2.4,5.9,1.2,0.1,3,2.2,17
48,Jonas Valan?iūnas\valanjo01,C,28.1,7,12.2,0.578,0.3,0.9,0.348,6.7,11.2,0.597,0.591,2.6,3.4,0.77,4.2,8.4,12.7,1.8,0.5,0.7,1.7,2.9,17
49,Dillon Brooks\brookdi01,SF,29.5,6.3,15.2,0.414,1.9,5.5,0.348,4.4,9.7,0.452,0.477,2.2,2.6,0.83,0.8,2.1,2.9,2.4,1.2,0.4,1.8,3.5,16.7
50,Buddy Hield\hieldbu01,SG,34.5,5.7,14.2,0.401,4,10.5,0.385,1.7,3.7,0.447,0.543,1.3,1.5,0.833,0.4,4.1,4.5,3.1,0.8,0.4,1.8,2.6,16.7
51,Mike Conley\conlemi01,PG,29.9,5.6,12.6,0.449,2.8,6.6,0.415,2.9,5.9,0.487,0.558,2.3,2.7,0.854,0.7,2.6,3.4,5.7,1.3,0.2,1.9,2,16.4
52,Tim Hardaway Jr.\hardati02,SG,28.4,5.6,12.7,0.443,2.9,7.3,0.389,2.8,5.4,0.517,0.555,1.8,2.3,0.797,0.3,3.1,3.4,1.7,0.5,0.1,0.9,1.5,16
53,LaMelo Ball\ballla01,PG,28.6,5.8,12.8,0.451,2,5.3,0.375,3.8,7.6,0.503,0.528,2.4,3,0.789,1.3,4.5,5.9,6.1,1.6,0.3,2.8,2.8,15.9
54,Chris Paul\paulch01,PG,31.6,6,12.3,0.486,1.3,3.6,0.364,4.7,8.7,0.537,0.54,2.5,2.7,0.931,0.4,4.2,4.6,8.8,1.5,0.2,2.2,2.4,15.8
55,Dejounte Murray\murrade01,PG,31.7,6.6,14.5,0.452,1,3.1,0.325,5.6,11.4,0.487,0.487,1.6,2,0.808,0.7,6.2,6.9,5.3,1.6,0.1,1.7,2.1,15.7
56,Harrison Barnes\barneha02,PF,36.3,5.3,10.9,0.489,1.5,4.2,0.365,3.8,6.7,0.566,0.559,3.4,4.1,0.826,1.2,5.5,6.7,3.5,0.8,0.2,1.6,1.3,15.6
57,Terrence Ross\rosste01,SG,29.3,5.5,13.4,0.412,1.9,5.7,0.337,3.6,7.7,0.469,0.485,2.6,3,0.87,0.3,3.1,3.4,2.3,1,0.5,1.6,1.9,15.6
58,Gary Trent Jr.\trentga02,SG,31.4,5.6,13.3,0.421,2.9,7.4,0.392,2.7,5.9,0.458,0.53,1.4,1.8,0.78,0.4,2.1,2.5,1.5,0.9,0.2,0.8,1.6,15.5
59,Bojan Bogdanovi?\bogdabo02,SF,30.4,5.1,12,0.422,2.4,6.2,0.383,2.7,5.8,0.464,0.522,2.9,3.3,0.87,0.6,3.4,4,1.8,0.5,0.1,1.4,1.6,15.4
60,Clint Capela\capelca01,C,30.2,6.6,11,0.602,0,0,,6.6,11,0.602,0.602,2.1,3.6,0.591,4.7,9.6,14.3,0.8,0.7,2.2,1.2,2.3,15.4
61,Kelly Oubre Jr.\oubreke01,SF,30.8,5.8,13.2,0.439,1.6,5.2,0.317,4.1,8,0.519,0.502,2.1,3,0.698,1.4,4.6,6,1.4,1.1,0.8,1.2,2.3,15.3
62,Deandre Ayton\aytonde01,C,30.5,6.6,10.5,0.626,0.1,0.4,0.2,6.5,10.1,0.641,0.629,2,2.7,0.76,3.3,7.5,10.8,1.4,0.5,1.1,1.7,2.9,15.2
63,Dennis Schröder\schrode01,SG,31.7,5.2,12.1,0.431,1.1,3.3,0.343,4.1,8.9,0.463,0.477,3.7,4.3,0.844,0.5,3,3.4,5.4,1.2,0.2,2.8,2.6,15.2
64,Tyler Herro\herroty01,SG,31.2,5.6,13.1,0.425,1.8,5.5,0.329,3.8,7.6,0.494,0.494,2,2.4,0.815,0.5,4.4,4.9,3.4,0.7,0.4,2,1.3,14.9
65,Ben Simmons\simmobe01,PG,33.3,5.7,10.4,0.545,0.1,0.2,0.3,5.6,10.2,0.55,0.548,3.4,5.5,0.615,1.7,6,7.6,7.1,1.6,0.6,3.3,3.1,14.8
66,Rudy Gobert\goberru01,C,31.1,5.5,8.2,0.67,0,0.1,0,5.5,8.1,0.675,0.67,3.4,5.6,0.613,3.4,10.1,13.6,1.3,0.5,2.9,1.6,2.4,14.4
67,Coby White\whiteco01,PG,30.6,5.3,12.8,0.411,2.1,6.1,0.343,3.2,6.7,0.473,0.493,1.8,2,0.913,0.4,3.8,4.2,4.4,0.5,0.2,2.2,2.6,14.4
68,Joe Harris\harrijo01,SF,30.7,5.2,10.1,0.514,3.2,6.5,0.484,2.1,3.6,0.569,0.67,0.7,0.9,0.769,0.6,3,3.6,1.8,0.7,0.2,0.8,2,14.3
69,Lonzo Ball\balllo01,PG,31.4,5.1,12.3,0.419,3,8,0.376,2.1,4.2,0.503,0.543,0.9,1.1,0.792,0.6,3.5,4.1,5.6,1.4,0.6,2,2,14.2
70,Devonte' Graham\grahade01,PG,29.8,4.5,11.9,0.375,3.1,8.3,0.374,1.4,3.6,0.377,0.506,2.1,2.6,0.823,0.4,2.3,2.7,5.2,1,0.1,1.5,1.3,14.2
71,Montrezl Harrell\harremo01,C,24.4,5.7,9.3,0.617,0,0.2,0,5.7,9.1,0.629,0.617,2.7,3.8,0.71,2.4,4.2,6.7,1.1,0.7,0.8,1.1,1.9,14.2
72,Richaun Holmes\holmeri01,C,30,5.9,9.3,0.641,0,0.2,0.2,5.9,9.1,0.651,0.644,2.2,2.8,0.797,2.6,6.4,8.9,1.7,0.7,1.6,1.2,3.6,14.1
73,Rui Hachimura\hachiru01,PF,31.9,5.3,11.3,0.469,0.8,2.5,0.31,4.5,8.7,0.515,0.504,2.3,3,0.763,0.9,4.9,5.8,1.5,0.8,0.1,1.3,2.2,13.7
74,Luguentz Dort\dortlu01,SG,29.5,4.7,11.9,0.398,2.1,6.1,0.343,2.6,5.8,0.457,0.487,2,2.8,0.726,0.7,2.9,3.6,1.6,1,0.4,1.5,2.5,13.6
75,Shake Milton\miltosh01,SG,24,5,10.9,0.456,1.1,3.3,0.338,3.9,7.6,0.507,0.507,2.5,3,0.852,0.6,1.7,2.3,3,0.6,0.3,1.7,2.2,13.6
76,Chris Boucher\bouchch01,C,24,4.8,9.2,0.517,1.4,3.8,0.38,3.3,5.4,0.614,0.595,2.5,3.2,0.79,1.9,4.7,6.6,1.1,0.6,1.9,0.8,2.8,13.5
77,Carmelo Anthony\anthoca01,PF,25.1,4.8,11.5,0.413,1.7,4.5,0.38,3,7,0.435,0.488,2.1,2.4,0.876,0.5,2.7,3.2,1.6,0.7,0.6,1,2.1,13.3
78,Josh Jackson\jacksjo02,SG,24.6,4.8,11.3,0.428,1.3,4,0.319,3.5,7.3,0.488,0.484,2.4,3.3,0.726,0.9,3.2,4.2,2.1,0.9,0.7,2.2,2.9,13.3
79,Kendrick Nunn\nunnke01,PG,28.4,5.2,11.2,0.461,2,5.4,0.361,3.2,5.8,0.553,0.548,1,1.1,0.913,0.4,2.7,3.1,2.7,1,0.3,1.5,1.9,13.3
80,Jarrett Allen\allenja01,C,28.8,4.8,7.5,0.636,0.1,0.3,0.385,4.7,7.2,0.646,0.643,3.5,5,0.711,3,7,10,1.7,0.5,1.6,1.5,1.6,13.2
81,Doug McDermott\mcderdo01,PF,24.4,5.1,9.8,0.52,1.7,4.4,0.381,3.5,5.5,0.631,0.605,1.2,1.4,0.845,1,2.6,3.6,1.3,0.3,0.1,0.9,1.7,13.1
82,Marcus Morris\morrima03,PF,26.1,4.8,10.1,0.469,2.5,5.2,0.474,2.3,4.9,0.464,0.591,1.2,1.4,0.813,0.6,3.4,4,1.1,0.6,0.2,0.9,2.1,13.1
83,Duncan Robinson\robindu01,SF,32.1,4.3,9.9,0.438,3.5,8.5,0.408,0.9,1.4,0.623,0.614,0.9,1.1,0.847,0.1,3.5,3.6,1.8,0.5,0.3,1.2,2.6,13
84,Mikal Bridges\bridgmi01,SF,32.1,4.8,9.2,0.525,1.7,4.2,0.409,3.1,5,0.622,0.618,1.5,1.8,0.822,1.1,3.4,4.5,2.2,0.9,0.9,0.8,1.6,12.9
85,Tyrese Haliburton\halibty01,PG,30.2,5,10.5,0.475,2.1,5.1,0.411,2.9,5.5,0.535,0.574,0.8,0.9,0.844,0.7,2.4,3.1,5,1.3,0.5,1.5,1.6,12.8
86,Kyle Kuzma\kuzmaky01,SF,28.2,4.9,11.5,0.43,2,5.8,0.346,2.9,5.6,0.517,0.518,1,1.4,0.671,1.8,4.8,6.6,1.6,0.5,0.6,1.8,1.7,12.8
87,Keldon Johnson\johnske04,SF,28.5,4.9,10.2,0.478,0.9,2.6,0.331,4,7.6,0.528,0.52,2.1,2.9,0.735,1.5,5,6.5,1.8,0.5,0.5,1.1,2.1,12.7
88,Myles Turner\turnemy01,C,30.9,4.4,9.2,0.482,1.5,4.4,0.338,3,4.8,0.613,0.563,2.3,3,0.787,1.3,5.1,6.4,1,0.9,3.5,1.4,3.5,12.7
89,Will Barton\bartowi01,SF,31.3,4.6,10.9,0.427,1.7,4.6,0.374,2.9,6.3,0.465,0.506,1.6,2.1,0.782,0.7,3.3,4,3.2,0.9,0.4,1.7,1.7,12.6
90,Jalen Brunson\brunsja01,PG,25.5,4.8,9.1,0.523,1.2,3,0.387,3.6,6.1,0.59,0.587,1.9,2.4,0.789,0.4,3.2,3.6,3.4,0.5,0,1.3,1.7,12.6
91,Alec Burks\burksal01,SG,25.8,4.2,10.1,0.414,2,5,0.408,2.2,5.1,0.42,0.515,2.2,2.5,0.865,0.4,4.1,4.5,2.2,0.7,0.3,1,2.1,12.6
92,Josh Richardson\richajo01,SG,32,4.5,10.5,0.43,1.5,4.8,0.318,3,5.7,0.525,0.503,1.8,2,0.91,0.9,2.7,3.6,2.8,0.9,0.4,1.4,2.5,12.4
93,Kyle Anderson\anderky01,PF,27.2,4.5,9.7,0.462,1.3,3.9,0.348,3.1,5.8,0.538,0.532,2,2.6,0.776,0.8,5.2,5.9,3.6,1.3,0.8,1.3,1.7,12.3
94,Darius Bazley\bazleda01,PF,30.8,4.6,11.5,0.402,1.5,5.2,0.284,3.2,6.3,0.5,0.466,1.6,2.2,0.708,0.6,6.8,7.4,1.6,0.5,0.6,2,0.9,12.3
95,Thaddeus Young\youngth01,PF,24.6,5.6,9.6,0.579,0.1,0.6,0.241,5.5,9.1,0.6,0.586,1,1.5,0.62,2.5,3.8,6.3,4.2,1.1,0.6,2,2.4,12.3
96,Seth Curry\curryse01,SG,28.9,4.4,9.8,0.445,2,4.8,0.41,2.4,5,0.48,0.545,1.3,1.5,0.894,0.2,1.9,2.1,2.8,0.8,0.2,1.3,1.7,12
97,Enes Kanter\kanteen01,C,26.5,5,8.3,0.608,0,0,0,5,8.2,0.609,0.608,2,2.5,0.79,4.3,7.6,11.9,1.3,0.5,0.7,1.3,2.5,12
98,Patty Mills\millspa02,PG,25.6,4.1,9.7,0.428,2.6,6.7,0.388,1.5,3,0.516,0.562,1.1,1.2,0.908,0.3,1.4,1.8,2.5,0.7,0,1,1.3,12
99,Lou Williams\willilo02,PG,22.2,4.3,10.3,0.422,1.1,2.8,0.394,3.2,7.5,0.432,0.475,2.3,2.6,0.865,0.3,1.7,2,3.5,0.9,0.1,1.6,1,12
100,Joe Ingles\inglejo01,SF,26.8,4.1,7.8,0.52,2.7,5.6,0.486,1.4,2.2,0.605,0.693,1.1,1.3,0.864,0.4,3.2,3.7,4.2,0.7,0.2,1.6,1.9,11.9
101,Wendell Carter Jr.\cartewe01,C,25.6,4.5,8.5,0.526,0.3,0.8,0.306,4.2,7.7,0.55,0.541,2.6,3.6,0.739,2.4,5.6,8,2.1,0.7,0.8,1.5,2.8,11.8
102,Kevin Huerter\huertke01,SG,30.9,4.5,10.6,0.427,2,5.6,0.364,2.5,5,0.498,0.524,0.8,0.9,0.827,0.6,2.7,3.3,3.6,1.1,0.2,1.2,2.4,11.8
103,Kelly Olynyk\olynyke01,C-PF,27.6,4.4,9.3,0.477,1.9,5.5,0.337,2.6,3.8,0.679,0.576,1.1,1.3,0.808,1.1,5.3,6.5,2.2,0.9,0.6,1.4,2.9,11.8
104,Elfrid Payton\paytoel01,PG,25.9,4.9,11,0.447,0.5,1.8,0.282,4.4,9.3,0.479,0.47,1.4,2.1,0.697,1.3,2.5,3.8,3.5,0.7,0.2,1.7,1.9,11.8
105,Eric Bledsoe\bledser01,SG,30.2,4.1,10,0.408,1.7,5.1,0.345,2.3,5,0.471,0.495,1.8,2.5,0.728,0.4,3.1,3.5,3.7,0.7,0.3,1.6,1.6,11.7
106,Brook Lopez\lopezbr01,C,27.2,4.3,8.8,0.487,1.5,4.3,0.345,2.8,4.5,0.623,0.571,1.6,1.9,0.85,1.5,3.6,5.1,0.7,0.6,1.4,0.9,2.1,11.6
107,Immanuel Quickley\quickim01,PG,19.3,3.6,9.4,0.385,1.8,4.8,0.376,1.8,4.6,0.394,0.481,2.5,2.8,0.897,0.4,1.8,2.3,2.1,0.5,0.2,0.9,1.8,11.6
108,P.J. Washington\washipj01,PF,29.4,4.1,9.7,0.426,1.4,3.8,0.37,2.8,6,0.462,0.498,1.9,2.4,0.791,1.4,5,6.4,2.7,1,1.3,2.1,2.7,11.6
109,Saddiq Bey\beysa01,SF,25.6,3.8,9.1,0.413,2.3,6.2,0.378,1.4,2.9,0.487,0.542,1.6,1.8,0.876,0.5,3.5,4,1.3,0.7,0.1,0.8,1.6,11.4
110,Hamidou Diallo\diallha01,SG-SF,23.1,4.3,8.8,0.484,0.5,1.3,0.339,3.8,7.5,0.51,0.509,2.5,3.8,0.652,1.2,3.8,5,2.1,0.9,0.5,1.5,2.5,11.4
111,Bobby Portis\portibo01,C,21.5,4.8,9.1,0.524,1.1,2.4,0.472,3.6,6.7,0.542,0.586,0.7,0.9,0.75,1.8,5.4,7.3,1.2,0.8,0.4,0.8,1.7,11.4
112,Miles Bridges\bridgmi02,PF,28,4.2,8.2,0.51,1.5,3.9,0.396,2.7,4.4,0.61,0.603,1.3,1.5,0.869,1.3,4.6,5.9,2,0.7,0.7,1.7,2.1,11.3
113,Lonnie Walker\walkelo01,SG,25.3,4.3,10.1,0.426,1.7,4.7,0.357,2.6,5.4,0.485,0.508,1,1.3,0.8,0.2,2.4,2.6,1.6,0.5,0.3,1,1.9,11.3
114,D?vis Bert?ns\bertada01,PF,24.5,3.3,8.2,0.406,2.9,7.3,0.4,0.4,0.9,0.457,0.585,1.7,1.9,0.873,0.4,2.6,3,0.9,0.6,0.2,0.6,2.5,11.2
115,Brandon Clarke\clarkbr01,PF,25.4,4.7,9.1,0.518,0.4,1.4,0.302,4.3,7.7,0.558,0.542,1.4,2.1,0.667,1.6,4,5.6,1.7,1,0.8,0.6,1.5,11.2
116,Naz Reid\reidna01,C,19.3,4.2,8.1,0.513,0.8,2.4,0.338,3.3,5.7,0.588,0.564,1.8,2.5,0.732,1.1,3.4,4.6,1.1,0.5,1.1,1,2.5,11
117,Jae'Sean Tate\tateja01,SF,28.9,4.4,8.4,0.523,0.8,2.6,0.308,3.6,5.8,0.62,0.571,1.4,2,0.73,2,3.4,5.4,2.1,1.2,0.6,1.2,3.1,11
118,Grayson Allen\allengr01,SG,25,3.5,8.3,0.426,2.3,5.6,0.404,1.3,2.7,0.473,0.563,1.5,1.8,0.863,0.4,2.8,3.2,2.2,1,0.2,1,1.4,10.9
119,Rudy Gay\gayru01,PF,21.7,4,9.7,0.413,1.6,4.3,0.385,2.4,5.5,0.434,0.497,1.3,1.6,0.787,0.8,4.2,5,1.5,0.7,0.6,1,1.9,10.9
120,Justin Holiday\holidju01,SG,31.3,3.7,8.9,0.411,2.4,6.5,0.375,1.3,2.5,0.507,0.547,0.9,1.2,0.788,0.5,3.1,3.6,1.6,1.2,0.4,0.8,1.9,10.7
121,Donte DiVincenzo\divindo01,SG,27.5,3.9,9.4,0.417,2,5.2,0.384,1.9,4.2,0.458,0.524,0.8,1.1,0.732,1.2,4.4,5.6,3.1,1.2,0.2,1.4,1.6,10.6
122,Jeff Green\greenje02,C,26.7,3.6,7.4,0.491,1.4,3.4,0.41,2.2,3.9,0.561,0.586,1.6,2.1,0.757,0.5,3.3,3.7,1.5,0.5,0.3,0.8,1.7,10.3
123,Reggie Jackson\jacksre01,SG,22.6,3.8,8.4,0.456,1.7,3.9,0.429,2.2,4.5,0.478,0.554,1.1,1.3,0.795,0.3,2.5,2.9,3.1,0.6,0.1,1.1,2,10.3
124,Monte Morris\morrimo01,PG,26.2,4,8.3,0.477,1.1,3,0.377,2.8,5.3,0.532,0.544,1.3,1.6,0.789,0.3,1.9,2.2,3.2,0.7,0.3,0.7,1,10.3
125,Mason Plumlee\plumlma01,C,27,4.1,6.8,0.605,0,0.1,0,4.1,6.7,0.617,0.605,2.1,3.1,0.669,2.6,6.4,9.1,3.5,0.8,0.9,1.9,3.4,10.3
126,Nickeil Alexander-Walker\alexani01,SG,20.8,3.9,9.2,0.418,1.6,4.6,0.348,2.3,4.7,0.487,0.504,1,1.3,0.75,0.2,2.8,3.1,2,1,0.5,1.4,1.9,10.2
127,Dwayne Bacon\bacondw01,SG,25,3.8,9.5,0.4,0.9,2.9,0.309,2.9,6.6,0.441,0.447,1.7,2.1,0.836,0.3,2.7,3,1.2,0.5,0.1,0.6,1.5,10.2
128,Jae Crowder\crowdja01,PF,27.8,3.3,8.2,0.409,2.4,6.3,0.388,0.9,1.9,0.48,0.558,1,1.3,0.761,0.5,4.4,4.9,2.1,0.8,0.4,0.9,2,10.1
129,Reggie Bullock\bullore01,SF,28.1,3.5,8.2,0.428,2.2,5.6,0.397,1.3,2.5,0.496,0.565,0.6,0.7,0.889,0.2,3.1,3.3,1.4,0.8,0.2,0.7,2.2,9.9
130,Cameron Johnson\johnsca02,PF,23.3,3.5,7.8,0.446,2.1,5.4,0.386,1.4,2.4,0.581,0.58,0.8,1,0.872,0.5,2.7,3.3,1.4,0.6,0.3,0.8,1.4,9.9
131,Wayne Ellington\ellinwa01,SG,22.1,3.3,7.5,0.446,2.5,6,0.423,0.8,1.5,0.542,0.616,0.7,0.8,0.788,0.3,1.6,1.9,1.4,0.4,0.2,0.7,1.4,9.8
132,Danny Green\greenda02,SF,28.5,3.3,7.9,0.419,2.6,6.3,0.412,0.7,1.6,0.449,0.583,0.5,0.6,0.758,0.8,2.9,3.7,1.7,1.3,0.9,1.1,1.8,9.7
133,Théo Maledon\maledth01,PG,27.4,3.4,9.1,0.37,1.6,4.8,0.34,1.8,4.4,0.402,0.458,1.3,1.8,0.719,0.4,3,3.4,3.4,0.9,0.1,2.1,2.2,9.7
134,Delon Wright\wrighde01,SG-PG,27.1,3.5,7.7,0.457,0.9,2.4,0.357,2.7,5.3,0.502,0.512,1.8,2.3,0.804,1,3.1,4.1,4.3,1.5,0.4,1.2,1.1,9.7
135,Desmond Bane\banede01,SG,22.4,3.6,7.5,0.475,1.8,3.9,0.459,1.8,3.6,0.492,0.593,0.6,0.8,0.821,0.4,2.7,3.1,1.6,0.7,0.2,0.9,1.9,9.5
136,Bryn Forbes\forbebr01,SG,19.1,3.4,7.4,0.455,2.1,4.8,0.442,1.3,2.7,0.479,0.597,0.6,0.8,0.756,0.1,1.2,1.3,0.6,0.3,0,0.6,1.1,9.5
137,Cedi Osman\osmande01,SF,24.1,3.4,9.5,0.36,1.6,5.3,0.3,1.8,4.2,0.436,0.444,1.1,1.5,0.743,0.6,2.7,3.3,2.6,0.9,0.2,1.1,1.8,9.5
138,Daniel Theis\theisda01,C,24.1,3.8,6.9,0.553,0.7,2.3,0.325,3.1,4.7,0.663,0.606,1.1,1.7,0.652,1.3,3.9,5.2,1.7,0.6,0.9,1,2.6,9.5
139,Furkan Korkmaz\korkmfu01,SG,19.6,3.2,7.8,0.406,1.8,4.9,0.376,1.3,2.9,0.458,0.524,1.2,1.7,0.724,0.3,1.8,2.1,1.3,1,0.2,0.9,1.2,9.4
140,Patrick Williams\willipa01,PF,28.5,3.6,7.6,0.476,0.8,2,0.382,2.9,5.6,0.51,0.527,1.3,1.6,0.764,0.9,3.7,4.7,1.3,0.9,0.6,1.4,2,9.3
141,Josh Hart\hartjo01,SF,28.7,3.2,7.3,0.439,1.3,4.1,0.326,1.9,3.2,0.583,0.531,1.5,1.9,0.775,1.1,6.9,8,2.3,0.8,0.3,1,2.4,9.2
142,Robert Covington\covinro01,PF,32.2,3.2,7.6,0.415,2.1,5.3,0.387,1.1,2.3,0.483,0.551,0.7,0.9,0.809,0.8,5.8,6.6,1.7,1.6,1.3,1.1,2.7,9.1
143,Dorian Finney-Smith\finnedo01,PF,32,3.3,7.7,0.436,1.8,4.9,0.364,1.5,2.7,0.567,0.553,0.5,0.7,0.8,1.7,3.9,5.7,1.6,0.9,0.5,0.6,2.5,9
144,Kentavious Caldwell-Pope\caldwke01,SG,27,3,7.2,0.424,1.6,3.9,0.41,1.4,3.2,0.44,0.536,1.2,1.4,0.84,0.4,2.3,2.7,1.7,0.8,0.3,1.1,1.7,8.9
145,Paul Millsap\millspa01,PF,21.8,3.4,6.9,0.487,1,2.6,0.372,2.4,4.3,0.555,0.556,1.3,1.8,0.714,1.4,3.4,4.8,1.6,0.8,0.7,0.9,2.1,8.9
146,Ivica Zubac\zubaciv01,C,22.2,3.5,5.4,0.651,0,0.1,0,3.5,5.3,0.657,0.651,1.9,2.3,0.809,2.7,4.6,7.4,1.2,0.4,0.9,1.1,2.6,8.9
147,Isaiah Roby\robyis01,PF,23.5,3.4,6.9,0.497,0.5,1.7,0.329,2.9,5.2,0.55,0.536,1.4,2,0.71,1.6,4.1,5.7,1.8,0.8,0.7,1.8,2.7,8.8
148,Landry Shamet\shamela01,SG,20.8,2.8,7,0.406,2,5.2,0.397,0.8,1.8,0.434,0.552,1,1.2,0.852,0.2,1.6,1.8,1.3,0.5,0.1,0.8,1.3,8.8
149,Talen Horton-Tucker\hortota01,SG,19.6,3.4,7.6,0.438,0.5,2.1,0.262,2.8,5.5,0.505,0.474,1.4,1.7,0.82,0.4,2.3,2.7,2.6,1,0.4,1.5,2,8.7
150,Robin Lopez\lopezro01,C,20,3.6,5.7,0.629,0.1,0.3,0.278,3.5,5.4,0.65,0.637,1.4,2,0.7,2.1,1.9,4,0.8,0.3,0.6,1.1,1.7,8.7
151,Nicolas Batum\batumni01,SF,28.4,3,6.5,0.458,1.8,4.3,0.415,1.2,2.2,0.542,0.596,0.8,0.9,0.846,0.8,4.1,4.9,2.3,1.1,0.5,0.8,1.6,8.5
152,Bruce Brown\brownbr01,PG,22.1,3.5,6.5,0.534,0.2,0.9,0.255,3.2,5.6,0.579,0.552,1.3,1.7,0.767,1.6,3.2,4.8,1.7,0.9,0.4,0.9,2.2,8.5
153,Ricky Rubio\rubiori01,PG,26.2,2.7,7.2,0.38,0.9,2.9,0.301,1.9,4.3,0.432,0.44,2.1,2.5,0.862,0.4,2.8,3.2,6.6,1.4,0.1,1.8,2.2,8.5
154,JaMychal Green\greenja01,PF,18.5,3.1,6.5,0.471,1.4,3.4,0.408,1.7,3.1,0.541,0.579,0.8,1,0.837,1.5,3.5,5,0.8,0.5,0.3,1,2.6,8.4
155,Sterling Brown\brownst02,SG,24.1,2.9,6.6,0.448,1.8,4.2,0.423,1.2,2.4,0.492,0.584,0.5,0.6,0.806,0.7,3.6,4.4,1.4,0.7,0.2,0.8,1.9,8.2
156,Isaac Okoro\okorois01,SG,31.9,3,7.2,0.425,0.9,2.8,0.307,2.2,4.4,0.5,0.485,1.3,1.8,0.714,0.9,1.9,2.8,1.8,1.1,0.4,1.4,2.7,8.2
157,Jakob Poeltl\poeltja01,C,26.1,3.7,6,0.623,0,0,,3.7,6,0.623,0.623,0.7,1.7,0.419,3.4,4.6,8,1.8,0.6,1.6,1.3,2.3,8.2
158,Robert Williams\williro04,C,18.9,3.7,5.1,0.72,0,0,0,3.7,5,0.726,0.72,0.9,1.4,0.646,2.6,4.4,7,1.8,0.8,1.8,1,2.1,8.2
159,Luke Kennard\kennalu01,SG,19.6,3,6.3,0.477,1.6,3.4,0.46,1.5,2.9,0.497,0.6,0.4,0.5,0.846,0.3,2.5,2.7,1.7,0.3,0.2,0.8,1.5,8
160,T.J. McConnell\mccontj01,PG,25.5,3.7,6.6,0.566,0.2,0.6,0.323,3.5,6,0.59,0.581,0.4,0.7,0.618,0.8,2.9,3.7,6.5,1.8,0.3,1.9,1.6,8
161,Raul Neto\netora01,PG,20.1,3.1,6.9,0.452,0.9,2.5,0.366,2.2,4.3,0.502,0.519,0.9,1.1,0.833,0.4,1.8,2.2,2.1,1.1,0.1,0.8,1.6,8
162,Tomáš Satoranský\satorto01,SG,24,3,5.9,0.51,0.8,2.1,0.389,2.2,3.8,0.577,0.579,1.1,1.3,0.907,0.5,2,2.5,5.1,0.8,0.3,1.7,1.6,8
163,Tristan Thompson\thomptr01,PF,22.6,3.3,6.1,0.536,0,0.1,0,3.3,6.1,0.542,0.536,1.4,2.3,0.604,3,5.1,8.2,1.1,0.4,0.5,1,2.1,8
164,Anfernee Simons\simonan01,SG,16.2,2.6,6.5,0.407,1.9,4.6,0.419,0.7,1.9,0.378,0.554,0.7,0.9,0.825,0.2,2.1,2.2,1.4,0.2,0.1,0.7,1.6,7.9
165,Sviatoslav Mykhailiuk\mykhasv01,SF-SG,19.4,2.8,6.9,0.406,1.6,4.6,0.336,1.3,2.3,0.546,0.518,0.7,0.9,0.756,0.4,2,2.4,1.6,0.8,0.2,1.2,0.8,7.8
166,Garrett Temple\templga01,SG,26.6,2.9,6.9,0.424,1.2,3.6,0.333,1.7,3.3,0.523,0.511,0.8,1,0.816,0.5,2.4,2.9,2,0.9,0.5,1,2.3,7.8
167,Steven Adams\adamsst01,C,28,3.3,5.4,0.618,0,0.1,0,3.3,5.3,0.625,0.618,1.1,2.4,0.448,3.8,5.2,9,2,0.9,0.7,1.4,2,7.7
168,DeAndre Jordan\jordade01,C,22.2,3.5,4.5,0.781,0,0,0,3.5,4.4,0.784,0.781,0.7,1.4,0.5,1.9,5.3,7.3,1.7,0.3,1.2,1.5,2.1,7.7
169,Cory Joseph\josepco01,PG,22.1,2.9,6.3,0.46,0.6,2,0.324,2.2,4.3,0.523,0.511,1.1,1.4,0.818,0.6,1.9,2.4,3.2,0.9,0.3,1.2,2.2,7.5
170,Derrick Jones Jr.\jonesde02,SF,24.4,2.7,5.6,0.486,0.8,2.6,0.328,1.9,3.1,0.617,0.56,1,1.6,0.634,1.5,2.5,4,0.8,0.7,1,0.6,2.3,7.4
171,Maxi Kleber\klebima01,PF,28.1,2.4,5.6,0.429,1.8,4.3,0.422,0.6,1.3,0.451,0.592,0.8,0.9,0.914,0.9,4.5,5.4,1.3,0.6,0.8,0.7,2.3,7.4
172,Markieff Morris\morrima02,PF,20.2,2.8,6.2,0.445,1.3,3.5,0.355,1.5,2.7,0.562,0.545,0.6,0.9,0.732,0.8,3.8,4.6,1.1,0.3,0.3,0.9,1.9,7.4
173,Aaron Holiday\holidaa01,PG,17.5,2.7,6.7,0.395,1.1,2.9,0.373,1.6,3.8,0.412,0.475,0.9,1.1,0.783,0.2,1.1,1.2,1.6,0.6,0.2,0.9,1.6,7.3
174,Kenrich Williams\willike04,PF,20.8,3,5.8,0.525,0.7,1.6,0.429,2.3,4.2,0.562,0.585,0.5,0.9,0.563,1.3,2.9,4.2,2.2,0.7,0.2,1,2.1,7.3
175,Cameron Payne\payneca01,PG,17.3,2.7,5.8,0.472,1,2.5,0.407,1.7,3.3,0.521,0.559,0.8,0.8,0.892,0.2,2,2.3,3.8,0.6,0.2,1,1.7,7.2
176,Terence Davis\daviste02,SG,15.3,2.6,6.4,0.41,1.3,3.8,0.345,1.3,2.6,0.504,0.512,0.5,0.6,0.828,0.3,1.7,2,1.1,0.6,0.2,0.9,1.4,7.1
177,PJ Dozier\doziepj01,SG,20.2,2.7,6.3,0.419,0.9,2.6,0.343,1.8,3.7,0.474,0.49,0.9,1.4,0.614,0.7,2.9,3.6,1.6,0.6,0.4,0.9,1.7,7.1
178,D.J. Augustin\augusdj01,PG,19.2,2.2,5.6,0.385,1.3,3.5,0.374,0.8,2.1,0.402,0.502,1.4,1.5,0.932,0.4,1.3,1.6,3.3,0.5,0,1.1,1,7
179,Pat Connaughton\connapa01,SG,23.1,2.5,5.7,0.446,1.5,3.8,0.39,1,1.8,0.564,0.578,0.5,0.7,0.735,1,3.8,4.8,1.3,0.7,0.3,0.5,1.5,7
180,Tyus Jones\jonesty01,PG,19.1,2.9,6.5,0.44,0.7,2.2,0.322,2.2,4.3,0.5,0.494,0.6,0.6,0.914,0.4,1.9,2.2,4.1,1.1,0.1,0.7,0.4,7
181,Tyrese Maxey\maxeyty01,SG,14.1,2.9,6.5,0.449,0.4,1.5,0.282,2.5,5,0.5,0.482,0.7,0.8,0.868,0.2,1.3,1.5,1.6,0.3,0.1,0.6,1.1,7
182,Jeff Teague\teaguje01,PG,18.2,2.3,5.5,0.426,0.7,1.6,0.441,1.6,3.9,0.42,0.491,1.6,1.9,0.852,0.3,1.4,1.6,2.4,0.6,0.2,1.1,1.2,7
183,Payton Pritchard\pritcpa01,SG,18.7,2.6,5.8,0.443,1.3,3.2,0.404,1.3,2.6,0.492,0.555,0.5,0.5,0.885,0.5,1.7,2.2,1.9,0.5,0.1,0.9,1.7,6.9
184,Isaiah Stewart\stewais01,C,20,3,5.2,0.577,0.2,0.5,0.407,2.8,4.7,0.595,0.597,0.7,1.1,0.65,2.3,3.9,6.2,0.9,0.5,1,0.9,2.5,6.9
185,Denzel Valentine\valende01,SG,17.5,2.7,7,0.382,1.4,4.1,0.337,1.3,2.9,0.446,0.481,0.2,0.2,1,0.4,3.1,3.5,1.7,0.5,0,0.7,1.1,6.9
186,Dwight Howard\howardw01,C,17.4,2.5,4.3,0.583,0.1,0.3,0.25,2.4,4,0.607,0.591,1.8,3,0.579,2.6,5.6,8.3,0.7,0.4,0.9,1.8,3,6.8
187,Royce O'Neale\onealro01,SF,31.9,2.3,5.4,0.431,1.5,3.9,0.376,0.9,1.5,0.571,0.566,0.7,0.8,0.857,1.2,5.7,6.9,2.5,0.8,0.5,1.1,2.8,6.8
188,Jaden McDaniels\mcdanja02,PF,22.7,2.5,5.8,0.435,1.1,3.1,0.368,1.4,2.7,0.511,0.533,0.5,0.8,0.59,0.8,2.8,3.6,1.1,0.5,1,0.7,2.6,6.7
189,Draymond Green\greendr01,PF,30.6,2.5,6.1,0.416,0.5,2.1,0.263,2,4,0.495,0.46,1.1,1.4,0.773,0.9,5.7,6.6,8.5,1.6,0.8,3,3.1,6.6
190,Alex Len\lenal01,C,15.6,2.7,4.4,0.615,0.1,0.5,0.304,2.5,3.9,0.654,0.632,1.1,1.9,0.596,1,2.9,3.9,0.9,0.3,1.1,0.9,2,6.6
191,Timothé Luwawu-Cabarrot\luwawti01,SF,19.2,2.3,6.5,0.36,1.4,4.4,0.312,1,2.1,0.461,0.465,0.6,0.8,0.789,0.5,1.9,2.4,1.2,0.6,0.1,0.8,1.8,6.6
192,Trey Burke\burketr01,PG,14.3,2.4,5.4,0.444,1,2.7,0.362,1.4,2.8,0.522,0.532,0.7,0.8,0.85,0.1,0.8,0.9,1.3,0.6,0.1,0.5,1,6.5
193,Damion Lee\leeda03,SG,18.8,2.2,4.9,0.457,1.4,3.5,0.391,0.9,1.4,0.627,0.597,0.7,0.8,0.909,0.4,2.7,3.1,1.3,0.7,0.1,0.5,1.6,6.5
194,Deni Avdija\avdijde01,SF,23.4,2.4,5.8,0.42,1,3.2,0.323,1.4,2.6,0.537,0.508,0.5,0.8,0.643,0.4,4.5,4.9,1.2,0.6,0.3,0.6,2.7,6.4
195,Kent Bazemore\bazemke01,SF,17.6,2.3,5.2,0.448,1,2.4,0.412,1.3,2.7,0.48,0.545,0.7,1.1,0.702,0.4,2.5,3,1.6,0.9,0.5,1.1,2.2,6.4
196,Terance Mann\mannte01,SG,18.4,2.5,5,0.495,0.5,1.2,0.418,1.9,3.7,0.519,0.546,1,1.2,0.779,0.9,2.9,3.7,1.6,0.5,0.2,0.6,1.9,6.4
197,Edmond Sumner\sumneed01,SG,14.3,2.4,4.6,0.521,0.6,1.5,0.375,1.8,3,0.594,0.583,1.1,1.4,0.793,0.4,1.2,1.6,0.7,0.6,0.2,0.9,1.4,6.4
198,Xavier Tillman Sr.\tillmxa01,PF,18.3,2.7,5,0.536,0.3,1.1,0.3,2.3,3.9,0.606,0.57,0.7,1,0.69,1.2,2.9,4.1,1.3,0.8,0.6,0.7,2.1,6.4
199,Jaxson Hayes\hayesja02,C,14.8,2.5,3.8,0.657,0.1,0.1,0.5,2.4,3.6,0.663,0.666,1.3,1.7,0.757,1.3,2.5,3.8,0.6,0.4,0.5,0.7,1.8,6.3
200,Garrison Mathews\mathega01,SG,18,1.7,4,0.424,1.3,3.3,0.405,0.4,0.7,0.514,0.591,1.3,1.5,0.892,0.3,1.2,1.5,0.5,0.5,0.1,0.2,1.8,6.1
201,Alex Caruso\carusal01,PG,20.4,2.1,4.9,0.431,1,2.3,0.415,1.2,2.6,0.445,0.529,0.8,1.2,0.655,0.5,2.4,3,2.6,1.2,0.2,1.2,1.8,6
202,Aron Baynes\baynear01,C,18.2,2.4,5.6,0.431,0.4,1.9,0.237,2,3.8,0.527,0.47,0.5,0.7,0.73,1.7,3.4,5.1,0.9,0.3,0.4,0.9,2.3,5.8
203,Georges Niang\niangge01,PF,14.3,2.1,4.8,0.433,1.5,3.6,0.411,0.6,1.2,0.5,0.587,0.1,0.1,1,0.3,2,2.3,0.7,0.3,0.1,0.6,1.6,5.8
204,Derrick Favors\favorde01,C,15.5,2.3,3.8,0.623,0,0,0,2.3,3.7,0.626,0.623,1,1.4,0.74,2.1,3.4,5.5,0.8,0.5,1,0.6,2.2,5.7
205,Khem Birch\birchkh01,C,20.2,2.1,4.5,0.468,0.1,0.5,0.208,2,4.1,0.498,0.479,1.3,1.8,0.723,2.4,2.7,5.1,1,0.7,0.7,0.5,1.5,5.6
206,Tony Snell\snellto01,SG,21,1.9,3.7,0.517,1.4,2.5,0.571,0.5,1.2,0.408,0.707,0.3,0.3,1,0.4,2,2.4,1.3,0.2,0.3,0.5,1.6,5.5
207,Marc Gasol\gasolma01,C,19.5,1.8,4.1,0.444,1,2.5,0.387,0.8,1.6,0.536,0.564,0.8,1,0.75,0.8,3.3,4,2.1,0.5,1.2,1.2,2.3,5.4
208,Josh Okogie\okogijo01,SG,20.8,1.7,4.4,0.387,0.5,1.9,0.28,1.2,2.5,0.464,0.446,1.5,1.8,0.821,0.9,1.7,2.5,1.1,1,0.5,0.8,2.2,5.4
209,Dean Wade\wadede01,PF,17.1,2,4.5,0.437,1.1,3.1,0.375,0.8,1.5,0.565,0.563,0.3,0.4,0.762,0.5,2.6,3.1,1.1,0.4,0.4,0.4,1.1,5.4
210,Bismack Biyombo\biyombi01,C,20.9,2.2,3.8,0.579,0,0,0,2.2,3.8,0.582,0.579,0.8,1.7,0.483,2,3.2,5.2,1.3,0.3,1.1,1,2.3,5.3
211,Jake Layman\laymaja01,SF,14.6,2.1,4.2,0.494,0.5,1.8,0.288,1.6,2.5,0.644,0.555,0.6,0.9,0.703,0.3,1.2,1.6,0.7,0.7,0.4,0.6,1,5.3
212,Jarred Vanderbilt\vandeja01,PF,17.4,2.1,3.6,0.603,0,0.1,0.25,2.1,3.5,0.612,0.606,1,1.8,0.567,1.6,3.8,5.4,1.3,1,0.7,1,1.9,5.3
213,Brad Wanamaker\wanambr01,PG,16.8,1.8,4.9,0.368,0.3,1.6,0.203,1.5,3.3,0.45,0.402,1.4,1.6,0.872,0.2,1.4,1.7,2.8,0.7,0.2,1.1,1.5,5.3
214,Precious Achiuwa\achiupr01,PF,12.3,2,3.7,0.551,0,0,,2,3.7,0.551,0.551,1,1.9,0.515,1.3,2.2,3.5,0.5,0.3,0.5,0.7,1.6,5.1
215,Facundo Campazzo\campafa01,PG,19,1.6,4.1,0.39,1.1,2.9,0.385,0.5,1.2,0.403,0.524,0.8,1,0.824,0.3,1.3,1.6,2.9,1,0.2,1,1.9,5.1
216,Nerlens Noel\noelne01,C,23.3,2.1,3.5,0.602,0,0,0,2.1,3.5,0.609,0.602,0.7,1.1,0.685,2.3,4,6.3,0.7,1,2.1,1.2,2.7,5
217,Devin Vassell\vassede01,SF,16.5,1.8,4.4,0.397,0.9,2.2,0.392,0.9,2.2,0.402,0.495,0.7,0.8,0.879,0.4,2.3,2.8,0.9,0.8,0.3,0.4,1.4,5
218,Rodney Hood\hoodro01,SF,18.6,1.9,5.3,0.364,0.7,2.3,0.306,1.2,3,0.41,0.431,0.4,0.4,0.81,0.4,1.5,1.9,1.1,0.4,0.1,0.7,1.5,4.9
219,Caleb Martin\martica02,SF,14.8,1.8,4.9,0.373,0.6,2.3,0.266,1.2,2.6,0.467,0.435,0.7,1.1,0.614,0.7,2.1,2.8,1.2,0.7,0.2,0.7,1.1,4.9
220,Semi Ojeleye\ojelese01,PF,17.7,1.6,4,0.4,1.1,2.9,0.388,0.5,1.1,0.431,0.541,0.5,0.7,0.75,0.6,2.1,2.7,0.7,0.2,0,0.4,1.1,4.9
221,Wesley Matthews\matthwe02,SG,20,1.5,4.4,0.34,1.1,3.5,0.331,0.3,0.9,0.372,0.471,0.6,0.7,0.857,0.3,1.3,1.6,1,0.7,0.3,0.4,1.5,4.8
222,Dwight Powell\poweldw01,C,14.5,1.6,3,0.533,0.1,0.5,0.25,1.5,2.5,0.588,0.553,1.5,1.9,0.779,1.2,2.2,3.4,0.8,0.6,0.3,0.6,2.2,4.8
223,Solomon Hill\hillso01,PF,20.5,1.6,4.3,0.374,1.1,3.2,0.341,0.5,1.1,0.468,0.5,0.4,0.5,0.767,0.6,2.1,2.7,1,0.7,0.2,0.6,1.6,4.7
224,Andre Iguodala\iguodan01,SF,21.2,1.5,4,0.373,1,3.1,0.32,0.5,1,0.542,0.495,0.4,0.7,0.636,0.6,3.1,3.7,2,1,0.5,1,1.4,4.4
225,Grant Williams\willigr01,PF,18.6,1.6,3.7,0.438,0.8,2,0.383,0.9,1.7,0.5,0.54,0.4,0.8,0.528,0.8,2.1,2.9,1,0.6,0.4,0.9,2.6,4.4
226,Sekou Doumbouya\doumbse01,PF,13.3,1.5,4.2,0.345,0.5,1.9,0.241,1,2.3,0.43,0.399,0.7,0.9,0.738,0.5,1.6,2.1,0.6,0.4,0.1,0.7,1.6,4
227,Obi Toppin\toppiob01,PF,11.3,1.7,3.4,0.481,0.4,1.4,0.277,1.3,2.1,0.619,0.537,0.3,0.5,0.727,0.4,1.8,2.2,0.5,0.3,0.2,0.4,1,4
228,Kevon Looney\looneke01,C,16.4,1.6,2.9,0.557,0.1,0.3,0.286,1.5,2.6,0.59,0.573,0.5,0.7,0.7,1.7,2.6,4.3,1.9,0.4,0.4,0.6,2,3.8
229,Cody Martin\martico01,SF,14.6,1.5,3.4,0.442,0.3,1.1,0.255,1.2,2.3,0.53,0.483,0.5,0.8,0.571,0.8,1.7,2.6,1.4,0.6,0.2,0.7,0.9,3.8
230,Mychal Mulder\muldemy01,PG,10,1.2,3,0.409,1,2.6,0.368,0.3,0.4,0.65,0.566,0.2,0.4,0.579,0,0.8,0.8,0.4,0.2,0.2,0.2,0.7,3.7
231,Matisse Thybulle\thybuma01,SG,19.4,1.5,3.5,0.412,0.7,2.2,0.307,0.8,1.4,0.575,0.505,0.2,0.3,0.5,0.5,1.4,1.9,0.9,1.5,1,0.4,2,3.7
232,Thanasis Antetokounmpo\antetth01,SF,11,1.5,2.8,0.525,0.2,0.6,0.292,1.3,2.3,0.582,0.553,0.4,0.9,0.462,1.1,1.4,2.5,0.9,0.4,0.2,0.9,1.4,3.6
233,Jevon Carter\carteje01,PG,10.8,1.3,3.2,0.41,0.8,2.3,0.367,0.5,1,0.512,0.54,0,0,1,0.3,1.2,1.5,1.2,0.4,0.2,0.2,1,3.5
234,Stanley Johnson\johnsst04,PF,14.6,1.1,2.8,0.399,0.6,1.7,0.354,0.5,1.1,0.464,0.504,0.4,0.5,0.792,0.4,1.9,2.3,1.2,0.7,0.3,0.7,1.8,3.2
235,Miye Oni\onimi01,SG,8.9,0.7,2,0.354,0.6,1.8,0.343,0.1,0.2,0.444,0.506,0.1,0.2,0.833,0.5,1.2,1.7,0.4,0.2,0.2,0.3,1.1,2.1
